/fineract-provider/api/v1/loanproducts?tenantIdentifier=default, 26
/fineract-provider/api/v1/clients?tenantIdentifier=default, 22
/fineract-provider/api/v1/clients/27?tenantIdentifier=default, 21
/fineract-provider/api/v1/loans?tenantIdentifier=default, 26
/fineract-provider/api/v1/loans/15?tenantIdentifier=default, 15
https://localhost:8443/fineract-provider/api/v1/loans/15?associations=repaymentSchedule&exclude=guarantors&tenantIdentifier=default, 16
https://localhost:8443/fineract-provider/api/v1/loans/15/schedule?command=calculateLoanSchedule&tenantIdentifier=default, 31
https://localhost:8443/fineract-provider/api/v1/loans/15/schedule?command=addVariations&tenantIdentifier=default, 33
https://localhost:8443/fineract-provider/api/v1/loans/15?associations=repaymentSchedule&exclude=guarantors&tenantIdentifier=default, 14
/fineract-provider/api/v1/loanproducts?tenantIdentifier=default, 20
/fineract-provider/api/v1/clients?tenantIdentifier=default, 18
/fineract-provider/api/v1/clients/28?tenantIdentifier=default, 16
/fineract-provider/api/v1/loans?tenantIdentifier=default, 26
/fineract-provider/api/v1/loans/16?tenantIdentifier=default, 13
https://localhost:8443/fineract-provider/api/v1/loans/16?associations=repaymentSchedule&exclude=guarantors&tenantIdentifier=default, 13
https://localhost:8443/fineract-provider/api/v1/loans/16/schedule?command=calculateLoanSchedule&tenantIdentifier=default, 27
https://localhost:8443/fineract-provider/api/v1/loans/16/schedule?command=addVariations&tenantIdentifier=default, 34
https://localhost:8443/fineract-provider/api/v1/loans/16?associations=repaymentSchedule&exclude=guarantors&tenantIdentifier=default, 13
/fineract-provider/api/v1/loanproducts?tenantIdentifier=default, 21
/fineract-provider/api/v1/clients?tenantIdentifier=default, 17
/fineract-provider/api/v1/clients/29?tenantIdentifier=default, 10
/fineract-provider/api/v1/loans?tenantIdentifier=default, 22
/fineract-provider/api/v1/loans/17?tenantIdentifier=default, 11
https://localhost:8443/fineract-provider/api/v1/loans/17?associations=repaymentSchedule&exclude=guarantors&tenantIdentifier=default, 12
https://localhost:8443/fineract-provider/api/v1/loans/17/schedule?command=calculateLoanSchedule&tenantIdentifier=default, 25
https://localhost:8443/fineract-provider/api/v1/loans/17/schedule?command=addVariations&tenantIdentifier=default, 29
https://localhost:8443/fineract-provider/api/v1/loans/17?associations=repaymentSchedule&exclude=guarantors&tenantIdentifier=default, 12
/fineract-provider/api/v1/loanproducts?tenantIdentifier=default, 16
/fineract-provider/api/v1/loanproducts/18?associations=all&tenantIdentifier=default, 11
/fineract-provider/api/v1/loanproducts?tenantIdentifier=default, 15
/fineract-provider/api/v1/clients?tenantIdentifier=default, 14
/fineract-provider/api/v1/clients/30?tenantIdentifier=default, 10
/fineract-provider/api/v1/loans?tenantIdentifier=default, 27
/fineract-provider/api/v1/loans/18?tenantIdentifier=default, 12
https://localhost:8443/fineract-provider/api/v1/loans/18?associations=repaymentSchedule&exclude=guarantors&tenantIdentifier=default, 12
https://localhost:8443/fineract-provider/api/v1/loans/18/schedule?command=calculateLoanSchedule&tenantIdentifier=default, 26
https://localhost:8443/fineract-provider/api/v1/loans/18/schedule?command=addVariations&tenantIdentifier=default, 29
https://localhost:8443/fineract-provider/api/v1/loans/18?associations=repaymentSchedule&exclude=guarantors&tenantIdentifier=default, 11
/fineract-provider/api/v1/loanproducts?tenantIdentifier=default, 15
/fineract-provider/api/v1/clients?tenantIdentifier=default, 15
/fineract-provider/api/v1/clients/31?tenantIdentifier=default, 9
/fineract-provider/api/v1/loans?tenantIdentifier=default, 21
/fineract-provider/api/v1/loans/19?tenantIdentifier=default, 10
https://localhost:8443/fineract-provider/api/v1/loans/19?associations=repaymentSchedule&exclude=guarantors&tenantIdentifier=default, 11
https://localhost:8443/fineract-provider/api/v1/loans/19/schedule?command=calculateLoanSchedule&tenantIdentifier=default, 25
https://localhost:8443/fineract-provider/api/v1/loans/19/schedule?command=addVariations&tenantIdentifier=default, 28
https://localhost:8443/fineract-provider/api/v1/loans/19?associations=repaymentSchedule&exclude=guarantors&tenantIdentifier=default, 12
/fineract-provider/api/v1/loanproducts?tenantIdentifier=default, 17
/fineract-provider/api/v1/clients?tenantIdentifier=default, 16
/fineract-provider/api/v1/clients/32?tenantIdentifier=default, 9
/fineract-provider/api/v1/loans?tenantIdentifier=default, 22
/fineract-provider/api/v1/loans/20?tenantIdentifier=default, 13
https://localhost:8443/fineract-provider/api/v1/loans/20?associations=repaymentSchedule&exclude=guarantors&tenantIdentifier=default, 13
https://localhost:8443/fineract-provider/api/v1/loans/20/schedule?command=calculateLoanSchedule&tenantIdentifier=default, 22
https://localhost:8443/fineract-provider/api/v1/loans/20/schedule?command=addVariations&tenantIdentifier=default, 27
https://localhost:8443/fineract-provider/api/v1/loans/20?associations=repaymentSchedule&exclude=guarantors&tenantIdentifier=default, 10
/fineract-provider/api/v1/loanproducts?tenantIdentifier=default, 15
/fineract-provider/api/v1/clients?tenantIdentifier=default, 14
/fineract-provider/api/v1/clients/33?tenantIdentifier=default, 8
/fineract-provider/api/v1/loans?tenantIdentifier=default, 20
/fineract-provider/api/v1/loans/21?tenantIdentifier=default, 10
https://localhost:8443/fineract-provider/api/v1/loans/21?associations=repaymentSchedule&exclude=guarantors&tenantIdentifier=default, 12
https://localhost:8443/fineract-provider/api/v1/loans/21/schedule?command=calculateLoanSchedule&tenantIdentifier=default, 27
https://localhost:8443/fineract-provider/api/v1/loans/21/schedule?command=addVariations&tenantIdentifier=default, 34
https://localhost:8443/fineract-provider/api/v1/loans/21?associations=repaymentSchedule&exclude=guarantors&tenantIdentifier=default, 11
/fineract-provider/api/v1/loanproducts?tenantIdentifier=default, 15
/fineract-provider/api/v1/clients?tenantIdentifier=default, 14
/fineract-provider/api/v1/clients/34?tenantIdentifier=default, 9
/fineract-provider/api/v1/loans?tenantIdentifier=default, 20
/fineract-provider/api/v1/loans/22?tenantIdentifier=default, 10
https://localhost:8443/fineract-provider/api/v1/loans/22?associations=repaymentSchedule&exclude=guarantors&tenantIdentifier=default, 10
https://localhost:8443/fineract-provider/api/v1/loans/22/schedule?command=calculateLoanSchedule&tenantIdentifier=default, 21
https://localhost:8443/fineract-provider/api/v1/loans/22/schedule?command=addVariations&tenantIdentifier=default, 28
https://localhost:8443/fineract-provider/api/v1/loans/22?associations=repaymentSchedule&exclude=guarantors&tenantIdentifier=default, 10
/fineract-provider/api/v1/loanproducts?tenantIdentifier=default, 12
/fineract-provider/api/v1/loanproducts/24?associations=all&tenantIdentifier=default, 10
/fineract-provider/api/v1/loanproducts?tenantIdentifier=default, 19
/fineract-provider/api/v1/clients?tenantIdentifier=default, 14
/fineract-provider/api/v1/clients/35?tenantIdentifier=default, 9
/fineract-provider/api/v1/loans?tenantIdentifier=default, 20
/fineract-provider/api/v1/loans/23?tenantIdentifier=default, 10
https://localhost:8443/fineract-provider/api/v1/loans/23?associations=repaymentSchedule&exclude=guarantors&tenantIdentifier=default, 11
https://localhost:8443/fineract-provider/api/v1/loans/23/schedule?command=calculateLoanSchedule&tenantIdentifier=default, 23
https://localhost:8443/fineract-provider/api/v1/loans/23/schedule?command=addVariations&tenantIdentifier=default, 28
https://localhost:8443/fineract-provider/api/v1/loans/23?associations=repaymentSchedule&exclude=guarantors&tenantIdentifier=default, 11
/fineract-provider/api/v1/loanproducts?tenantIdentifier=default, 13
/fineract-provider/api/v1/clients?tenantIdentifier=default, 12
/fineract-provider/api/v1/clients/36?tenantIdentifier=default, 8
/fineract-provider/api/v1/loans?tenantIdentifier=default, 21
/fineract-provider/api/v1/loans/24?tenantIdentifier=default, 10
https://localhost:8443/fineract-provider/api/v1/loans/24?associations=repaymentSchedule&exclude=guarantors&tenantIdentifier=default, 13
https://localhost:8443/fineract-provider/api/v1/loans/24/schedule?command=calculateLoanSchedule&tenantIdentifier=default, 25
https://localhost:8443/fineract-provider/api/v1/loans/24/schedule?command=addVariations&tenantIdentifier=default, 27
https://localhost:8443/fineract-provider/api/v1/loans/24?associations=repaymentSchedule&exclude=guarantors&tenantIdentifier=default, 10
/fineract-provider/api/v1/loanproducts?tenantIdentifier=default, 14
/fineract-provider/api/v1/clients?tenantIdentifier=default, 14
/fineract-provider/api/v1/clients/37?tenantIdentifier=default, 8
/fineract-provider/api/v1/loans?tenantIdentifier=default, 21
/fineract-provider/api/v1/loans/25?tenantIdentifier=default, 10
https://localhost:8443/fineract-provider/api/v1/loans/25?associations=repaymentSchedule&exclude=guarantors&tenantIdentifier=default, 11
https://localhost:8443/fineract-provider/api/v1/loans/25/schedule?command=calculateLoanSchedule&tenantIdentifier=default, 21
https://localhost:8443/fineract-provider/api/v1/loans/25/schedule?command=addVariations&tenantIdentifier=default, 26
https://localhost:8443/fineract-provider/api/v1/loans/25?associations=repaymentSchedule&exclude=guarantors&tenantIdentifier=default, 10
/fineract-provider/api/v1/offices?tenantIdentifier=default, 11
/fineract-provider/api/v1/offices/6?tenantIdentifier=default, 15
/fineract-provider/api/v1/offices/6?tenantIdentifier=default, 10
/fineract-provider/swagger-ui, 12
/fineract-provider/swagger-ui/index.html, 6
/fineract-provider/api/v1/codes?tenantIdentifier=default, 10
/fineract-provider/api/v1/codes/38/codevalues?tenantIdentifier=default, 10
/fineract-provider/api/v1/codes/38/codevalues?tenantIdentifier=default, 12
/fineract-provider/api/v1/codes/38/codevalues?tenantIdentifier=default, 6
/fineract-provider/api/v1/codes/38/codevalues/18?tenantIdentifier=default, 7
/fineract-provider/api/v1/codes/38/codevalues/19?tenantIdentifier=default, 7
/fineract-provider/api/v1/codes/38/codevalues/18?tenantIdentifier=default, 9
/fineract-provider/api/v1/codes/38/codevalues/18?tenantIdentifier=default, 10
/fineract-provider/api/v1/codes/38/codevalues/18?tenantIdentifier=default, 8
/fineract-provider/api/v1/codes/38/codevalues?tenantIdentifier=default, 8
/fineract-provider/api/v1/codes/38/codevalues/19?tenantIdentifier=default, 11
/fineract-provider/api/v1/codes/38/codevalues/19?tenantIdentifier=default, 9
/fineract-provider/api/v1/codes/38/codevalues?tenantIdentifier=default, 9
/fineract-provider/api/v1/codes?tenantIdentifier=default, 10
/fineract-provider/api/v1/codes/39?tenantIdentifier=default, 8
/fineract-provider/api/v1/codes?tenantIdentifier=default, 12
/fineract-provider/api/v1/codes/39?tenantIdentifier=default, 9
/fineract-provider/api/v1/codes/39?tenantIdentifier=default, 7
/fineract-provider/api/v1/codes/29?tenantIdentifier=default, 10
/fineract-provider/api/v1/codes/29?tenantIdentifier=default, 12
/fineract-provider/api/v1/codes?tenantIdentifier=default, 10
/fineract-provider/api/v1/codes/41?tenantIdentifier=default, 8
/fineract-provider/api/v1/codes/41?tenantIdentifier=default, 12
/fineract-provider/api/v1/codes/41?tenantIdentifier=default, 9
/fineract-provider/api/v1/codes/41?tenantIdentifier=default, 8
/fineract-provider/api/v1/staff?tenantIdentifier=default, 10
/fineract-provider/api/v1/staff/6/images?tenantIdentifier=default, 11
/fineract-provider/api/v1/staff/6/images?tenantIdentifier=default, 11
/fineract-provider/api/v1/staff/6/images?tenantIdentifier=default, 9
/fineract-provider/api/v1/staff?tenantIdentifier=default, 10
/fineract-provider/api/v1/staff/7/images?tenantIdentifier=default, 10
/fineract-provider/api/v1/staff/7/images?tenantIdentifier=default, 9
/fineract-provider/api/v1/staff?tenantIdentifier=default, 9
/fineract-provider/api/v1/staff/8/images?tenantIdentifier=default, 9
/fineract-provider/api/v1/staff/8/images?tenantIdentifier=default, 8
/fineract-provider/api/v1/staff?tenantIdentifier=default, 10
/fineract-provider/api/v1/staff/9/images?tenantIdentifier=default, 10
/fineract-provider/api/v1/staff/9/images?tenantIdentifier=default, 9
/fineract-provider/api/v1/staff?tenantIdentifier=default, 10
/fineract-provider/api/v1/staff/10/images?tenantIdentifier=default, 8
/fineract-provider/api/v1/workingdays?tenantIdentifier=default, 9
/fineract-provider/api/v1/workingdays?tenantIdentifier=default, 9
/fineract-provider/api/v1/clients?tenantIdentifier=default, 14
/fineract-provider/api/v1/groups?tenantIdentifier=default, 12
/fineract-provider/api/v1/groups/19?command=associateClients&tenantIdentifier=default, 13
/fineract-provider/api/v1/savingsproducts?tenantIdentifier=default, 11
/fineract-provider/api/v1/savingsaccounts?tenantIdentifier=default, 16
/fineract-provider/api/v1/savingsaccounts/16?tenantIdentifier=default, 17
/fineract-provider/api/v1/savingsaccounts/16?tenantIdentifier=default, 9
/fineract-provider/api/v1/savingsaccounts/16?command=approve&tenantIdentifier=default, 17
/fineract-provider/api/v1/savingsaccounts/16?command=activate&tenantIdentifier=default, 20
/fineract-provider/api/v1/savingsaccounts/16?associations=summary&tenantIdentifier=default, 8
/fineract-provider/api/v1/savingsaccounts/16?command=calculateInterest&tenantIdentifier=default, 16
/fineract-provider/api/v1/savingsaccounts/16?associations=summary&tenantIdentifier=default, 8
/fineract-provider/api/v1/savingsaccounts/16?command=postInterest&tenantIdentifier=default, 43
/fineract-provider/api/v1/savingsaccounts/16?associations=summary&tenantIdentifier=default, 9
/fineract-provider/api/v1/savingsaccounts/16?associations=summary&tenantIdentifier=default, 8
/fineract-provider/api/v1/clients?tenantIdentifier=default, 11
/fineract-provider/api/v1/groups?tenantIdentifier=default, 12
/fineract-provider/api/v1/groups/20?command=associateClients&tenantIdentifier=default, 11
/fineract-provider/api/v1/savingsproducts?tenantIdentifier=default, 10
/fineract-provider/api/v1/savingsaccounts?tenantIdentifier=default, 13
/fineract-provider/api/v1/savingsaccounts/17?tenantIdentifier=default, 7
/fineract-provider/api/v1/savingsaccounts/17?command=withdrawnByApplicant&tenantIdentifier=default, 14
/fineract-provider/api/v1/clients?tenantIdentifier=default, 14
/fineract-provider/api/v1/groups?tenantIdentifier=default, 12
/fineract-provider/api/v1/groups/21?command=associateClients&tenantIdentifier=default, 11
/fineract-provider/api/v1/savingsproducts?tenantIdentifier=default, 9
/fineract-provider/api/v1/savingsaccounts/gsim?tenantIdentifier=default, 14
/fineract-provider/api/v1/groups/21/gsimaccounts?tenantIdentifier=default, 9
/fineract-provider/api/v1/clients?tenantIdentifier=default, 12
/fineract-provider/api/v1/groups?tenantIdentifier=default, 12
/fineract-provider/api/v1/groups/22?command=associateClients&tenantIdentifier=default, 14
/fineract-provider/api/v1/savingsproducts?tenantIdentifier=default, 11
/fineract-provider/api/v1/savingsaccounts/gsim?tenantIdentifier=default, 17
/fineract-provider/api/v1/savingsaccounts/gsimcommands/6?command=approve&tenantIdentifier=default, 17
/fineract-provider/api/v1/savingsaccounts/gsimcommands/6?command=reject&tenantIdentifier=default, 14
/fineract-provider/api/v1/savingsaccounts/gsimcommands/6?command=undoApproval&tenantIdentifier=default, 14
/fineract-provider/api/v1/savingsaccounts/gsimcommands/6?command=reject&tenantIdentifier=default, 14
/fineract-provider/api/v1/savingsaccounts/gsimcommands/6?command=reject&tenantIdentifier=default, 14
/fineract-provider/api/v1/savingsaccounts/gsimcommands/6?command=reject&tenantIdentifier=default, 17
/fineract-provider/api/v1/clients?tenantIdentifier=default, 14
/fineract-provider/api/v1/groups?tenantIdentifier=default, 12
/fineract-provider/api/v1/groups/23?command=associateClients&tenantIdentifier=default, 12
/fineract-provider/api/v1/savingsproducts?tenantIdentifier=default, 10
/fineract-provider/api/v1/savingsaccounts/gsim?tenantIdentifier=default, 16
/fineract-provider/api/v1/savingsaccounts/gsimcommands/7?command=approve&tenantIdentifier=default, 16
/fineract-provider/api/v1/savingsaccounts/gsimcommands/7?command=activate&tenantIdentifier=default, 19
/fineract-provider/api/v1/savingsaccounts/gsimcommands/7?command=close&tenantIdentifier=default, 15
/fineract-provider/api/v1/savingsaccounts/gsimcommands/7?command=close&tenantIdentifier=default, 22
/fineract-provider/api/v1/clients?tenantIdentifier=default, 15
/fineract-provider/api/v1/groups?tenantIdentifier=default, 13
/fineract-provider/api/v1/groups/24?command=associateClients&tenantIdentifier=default, 11
/fineract-provider/api/v1/savingsproducts?tenantIdentifier=default, 11
/fineract-provider/api/v1/savingsaccounts?tenantIdentifier=default, 13
/fineract-provider/api/v1/savingsaccounts/21?tenantIdentifier=default, 7
/fineract-provider/api/v1/charges?tenantIdentifier=default, 21
/fineract-provider/api/v1/savingsaccounts/21/charges?tenantIdentifier=default, 14
/fineract-provider/api/v1/savingsaccounts/21/charges?tenantIdentifier=default, 7
/fineract-provider/api/v1/savingsaccounts/21/charges/5?tenantIdentifier=default, 14
/fineract-provider/api/v1/savingsaccounts/21/charges/5?tenantIdentifier=default, 15
/fineract-provider/api/v1/savingsaccounts/21/charges?tenantIdentifier=default, 7
/fineract-provider/api/v1/savingsaccounts/21?command=approve&tenantIdentifier=default, 17
/fineract-provider/api/v1/savingsaccounts/21?command=activate&tenantIdentifier=default, 18
/fineract-provider/api/v1/charges?tenantIdentifier=default, 10
/fineract-provider/api/v1/savingsaccounts/21/charges?tenantIdentifier=default, 7
/fineract-provider/api/v1/savingsaccounts/21/charges?tenantIdentifier=default, 13
/fineract-provider/api/v1/savingsaccounts/21/charges?tenantIdentifier=default, 7
/fineract-provider/api/v1/savingsaccounts/21/charges/6?command=paycharge&tenantIdentifier=default, 19
/fineract-provider/api/v1/savingsaccounts/21/charges/6?tenantIdentifier=default, 7
/fineract-provider/api/v1/charges?tenantIdentifier=default, 9
/fineract-provider/api/v1/savingsaccounts/21/charges?tenantIdentifier=default, 14
/fineract-provider/api/v1/savingsaccounts/21/charges?tenantIdentifier=default, 7
/fineract-provider/api/v1/savingsaccounts/21/charges/7?command=waive&tenantIdentifier=default, 18
/fineract-provider/api/v1/savingsaccounts/21/charges/7?tenantIdentifier=default, 7
/fineract-provider/api/v1/savingsaccounts/21/charges/7?command=waive&tenantIdentifier=default, 18
/fineract-provider/api/v1/savingsaccounts/21/charges/7?tenantIdentifier=default, 7
/fineract-provider/api/v1/charges?tenantIdentifier=default, 9
/fineract-provider/api/v1/savingsaccounts/21/charges?tenantIdentifier=default, 14
/fineract-provider/api/v1/savingsaccounts/21/charges?tenantIdentifier=default, 7
/fineract-provider/api/v1/savingsaccounts/21/transactions?command=deposit&tenantIdentifier=default, 19
/fineract-provider/api/v1/savingsaccounts/21/charges/8?command=paycharge&tenantIdentifier=default, 24
/fineract-provider/api/v1/savingsaccounts/21/charges/8?tenantIdentifier=default, 8
/fineract-provider/api/v1/savingsaccounts/21?command=close&tenantIdentifier=default, 23
/fineract-provider/api/v1/clients?tenantIdentifier=default, 13
/fineract-provider/api/v1/groups?tenantIdentifier=default, 12
/fineract-provider/api/v1/groups/25?command=associateClients&tenantIdentifier=default, 12
/fineract-provider/api/v1/savingsproducts?tenantIdentifier=default, 9
/fineract-provider/api/v1/savingsaccounts/gsim?tenantIdentifier=default, 13
/fineract-provider/api/v1/savingsaccounts/gsim/8?tenantIdentifier=default, 13
/fineract-provider/api/v1/clients?tenantIdentifier=default, 12
/fineract-provider/api/v1/groups?tenantIdentifier=default, 11
/fineract-provider/api/v1/groups/26?command=associateClients&tenantIdentifier=default, 11
/fineract-provider/api/v1/savingsproducts?tenantIdentifier=default, 12
/fineract-provider/api/v1/savingsaccounts?tenantIdentifier=default, 34
/fineract-provider/api/v1/savingsaccounts/23?tenantIdentifier=default, 8
/fineract-provider/api/v1/savingsaccounts/23?command=approve&tenantIdentifier=default, 18
/fineract-provider/api/v1/savingsaccounts/23/transactions?command=withdrawal&tenantIdentifier=default, 14
/fineract-provider/api/v1/savingsaccounts/23/transactions?command=deposit&tenantIdentifier=default, 13
/fineract-provider/api/v1/savingsaccounts/23?command=activate&tenantIdentifier=default, 19
/fineract-provider/api/v1/savingsaccounts/23?associations=summary&tenantIdentifier=default, 7
/fineract-provider/api/v1/savingsaccounts/23/transactions?command=deposit&tenantIdentifier=default, 20
/fineract-provider/api/v1/savingsaccounts/23/transactions/266?tenantIdentifier=default, 8
/fineract-provider/api/v1/savingsaccounts/23/transactions?command=withdrawal&tenantIdentifier=default, 17
/fineract-provider/api/v1/savingsaccounts/23/transactions/267?tenantIdentifier=default, 8
/fineract-provider/api/v1/savingsaccounts/23/transactions/267?command=modify&tenantIdentifier=default, 20
/fineract-provider/api/v1/savingsaccounts/23/transactions/268?tenantIdentifier=default, 8
/fineract-provider/api/v1/savingsaccounts/23?associations=summary&tenantIdentifier=default, 8
/fineract-provider/api/v1/savingsaccounts/23/transactions/267?tenantIdentifier=default, 8
/fineract-provider/api/v1/savingsaccounts/23/transactions/268?command=undo&tenantIdentifier=default, 19
/fineract-provider/api/v1/savingsaccounts/23/transactions/267?tenantIdentifier=default, 8
/fineract-provider/api/v1/savingsaccounts/23?associations=summary&tenantIdentifier=default, 7
/fineract-provider/api/v1/savingsaccounts/23/transactions?command=withdrawal&tenantIdentifier=default, 13
/fineract-provider/api/v1/savingsaccounts/23/transactions?command=withdrawal&tenantIdentifier=default, 12
/fineract-provider/api/v1/savingsaccounts/23/transactions?command=deposit&tenantIdentifier=default, 13
/fineract-provider/api/v1/savingsaccounts/23/transactions?command=withdrawal&tenantIdentifier=default, 12
/fineract-provider/api/v1/savingsaccounts/23/transactions?command=deposit&tenantIdentifier=default, 11
/fineract-provider/api/v1/clients?tenantIdentifier=default, 12
/fineract-provider/api/v1/groups?tenantIdentifier=default, 10
/fineract-provider/api/v1/groups/27?command=associateClients&tenantIdentifier=default, 11
/fineract-provider/api/v1/savingsproducts?tenantIdentifier=default, 10
/fineract-provider/api/v1/savingsaccounts?tenantIdentifier=default, 13
/fineract-provider/api/v1/savingsaccounts/24?tenantIdentifier=default, 7
/fineract-provider/api/v1/savingsaccounts/24?command=approve&tenantIdentifier=default, 14
/fineract-provider/api/v1/savingsaccounts/24?command=activate&tenantIdentifier=default, 17
/fineract-provider/api/v1/savingsaccounts/24?command=close&tenantIdentifier=default, 13
/fineract-provider/api/v1/savingsaccounts/24?command=close&tenantIdentifier=default, 23
/fineract-provider/api/v1/clients?tenantIdentifier=default, 13
/fineract-provider/api/v1/groups?tenantIdentifier=default, 12
/fineract-provider/api/v1/groups/28?command=associateClients&tenantIdentifier=default, 12
/fineract-provider/api/v1/savingsproducts?tenantIdentifier=default, 10
/fineract-provider/api/v1/savingsaccounts?tenantIdentifier=default, 13
/fineract-provider/api/v1/savingsaccounts/25?tenantIdentifier=default, 7
/fineract-provider/api/v1/savingsaccounts/25?command=approve&tenantIdentifier=default, 16
/fineract-provider/api/v1/savingsaccounts/25?command=reject&tenantIdentifier=default, 12
/fineract-provider/api/v1/savingsaccounts/25?command=undoApproval&tenantIdentifier=default, 13
/fineract-provider/api/v1/savingsaccounts/25?command=reject&tenantIdentifier=default, 11
/fineract-provider/api/v1/savingsaccounts/25?command=reject&tenantIdentifier=default, 12
/fineract-provider/api/v1/savingsaccounts/25?command=reject&tenantIdentifier=default, 14
/fineract-provider/api/v1/clients?tenantIdentifier=default, 12
/fineract-provider/api/v1/groups?tenantIdentifier=default, 11
/fineract-provider/api/v1/groups/29?command=associateClients&tenantIdentifier=default, 11
/fineract-provider/api/v1/savingsproducts?tenantIdentifier=default, 9
/fineract-provider/api/v1/savingsaccounts?tenantIdentifier=default, 13
/fineract-provider/api/v1/savingsaccounts/26?tenantIdentifier=default, 7
/fineract-provider/api/v1/savingsaccounts/26?command=approve&tenantIdentifier=default, 14
/fineract-provider/api/v1/savingsaccounts/26?tenantIdentifier=default, 11
/fineract-provider/api/v1/savingsaccounts/26?command=undoApproval&tenantIdentifier=default, 13
/fineract-provider/api/v1/savingsaccounts/26?tenantIdentifier=default, 19
/fineract-provider/api/v1/savingsaccounts/26?associations=all&tenantIdentifier=default, 8
/fineract-provider/api/v1/clients?tenantIdentifier=default, 12
/fineract-provider/api/v1/groups?tenantIdentifier=default, 11
/fineract-provider/api/v1/groups/30?command=associateClients&tenantIdentifier=default, 11
/fineract-provider/api/v1/savingsproducts?tenantIdentifier=default, 8
/fineract-provider/api/v1/savingsaccounts?tenantIdentifier=default, 11
/fineract-provider/api/v1/paymenttypes?tenantIdentifier=default, 10
/fineract-provider/api/v1/savingsaccounts/27?tenantIdentifier=default, 7
/fineract-provider/api/v1/savingsaccounts/27?command=approve&tenantIdentifier=default, 14
/fineract-provider/api/v1/savingsaccounts/27?command=activate&tenantIdentifier=default, 16
/fineract-provider/api/v1/savingsaccounts/27/transactions?command=gsimDeposit&tenantIdentifier=default, 19
/fineract-provider/api/v1/loanproducts?tenantIdentifier=default, 11
/fineract-provider/api/v1/savingsproducts?tenantIdentifier=default, 8
/fineract-provider/api/v1/accountnumberformats?tenantIdentifier=default, 6
/fineract-provider/api/v1/accountnumberformats/10?tenantIdentifier=default, 7
/fineract-provider/api/v1/clients?tenantIdentifier=default, 10
/fineract-provider/api/v1/clients/50?tenantIdentifier=default, 7
/fineract-provider/api/v1/loans?tenantIdentifier=default, 21
/fineract-provider/api/v1/loans/26?associations=all&tenantIdentifier=default, 11
/fineract-provider/api/v1/savingsaccounts?tenantIdentifier=default, 12
/fineract-provider/api/v1/savingsaccounts/28?associations=all&tenantIdentifier=default, 7
/fineract-provider/api/v1/groups?tenantIdentifier=default, 11
/fineract-provider/api/v1/groups/31?tenantIdentifier=default, 7
/fineract-provider/api/v1/groups/31?command=activate&tenantIdentifier=default, 10
/fineract-provider/api/v1/groups/31?tenantIdentifier=default, 7
/fineract-provider/api/v1/groups/31?tenantIdentifier=default, 7
/fineract-provider/api/v1/offices?tenantIdentifier=default, 11
/fineract-provider/api/v1/centers?tenantIdentifier=default, 11
/fineract-provider/api/v1/centers/32?associations=groupMembers&tenantIdentifier=default, 7
/fineract-provider/api/v1/accountnumberformats?tenantIdentifier=default, 8
/fineract-provider/api/v1/accountnumberformats?tenantIdentifier=default, 8
/fineract-provider/api/v1/accountnumberformats?tenantIdentifier=default, 8
/fineract-provider/api/v1/accountnumberformats?tenantIdentifier=default, 7
/fineract-provider/api/v1/accountnumberformats?tenantIdentifier=default, 8
/fineract-provider/api/v1/accountnumberformats/7?tenantIdentifier=default, 11
/fineract-provider/api/v1/accountnumberformats/8?tenantIdentifier=default, 8
/fineract-provider/api/v1/accountnumberformats/9?tenantIdentifier=default, 7
/fineract-provider/api/v1/accountnumberformats/10?tenantIdentifier=default, 6
/fineract-provider/api/v1/accountnumberformats/11?tenantIdentifier=default, 7
/fineract-provider/api/v1/accountnumberformats?tenantIdentifier=default, 10
/fineract-provider/api/v1/accountnumberformats?tenantIdentifier=default, 10
/fineract-provider/api/v1/accountnumberformats/7?tenantIdentifier=default, 7
/fineract-provider/api/v1/codes?tenantIdentifier=default, 7
/fineract-provider/api/v1/codes/16/codevalues?tenantIdentifier=default, 6
/fineract-provider/api/v1/clients?tenantIdentifier=default, 12
/fineract-provider/api/v1/clients/51?tenantIdentifier=default, 9
/fineract-provider/api/v1/loans?tenantIdentifier=default, 29
/fineract-provider/api/v1/loans/27?associations=all&tenantIdentifier=default, 14
/fineract-provider/api/v1/accountnumberformats/8?tenantIdentifier=default, 7
/fineract-provider/api/v1/clients/51?tenantIdentifier=default, 8
/fineract-provider/api/v1/savingsaccounts?tenantIdentifier=default, 12
/fineract-provider/api/v1/savingsaccounts/29?associations=all&tenantIdentifier=default, 8
/fineract-provider/api/v1/accountnumberformats/9?tenantIdentifier=default, 7
/fineract-provider/api/v1/clients/51?tenantIdentifier=default, 7
/fineract-provider/api/v1/groups?tenantIdentifier=default, 11
/fineract-provider/api/v1/groups/33?tenantIdentifier=default, 7
/fineract-provider/api/v1/groups/33?command=activate&tenantIdentifier=default, 11
/fineract-provider/api/v1/groups/33?tenantIdentifier=default, 7
/fineract-provider/api/v1/groups/33?tenantIdentifier=default, 6
/fineract-provider/api/v1/accountnumberformats/10?tenantIdentifier=default, 8
/fineract-provider/api/v1/groups/33?tenantIdentifier=default, 7
/fineract-provider/api/v1/offices?tenantIdentifier=default, 11
/fineract-provider/api/v1/centers?tenantIdentifier=default, 10
/fineract-provider/api/v1/centers/34?associations=groupMembers&tenantIdentifier=default, 7
/fineract-provider/api/v1/accountnumberformats/11?tenantIdentifier=default, 6
/fineract-provider/api/v1/centers/34?tenantIdentifier=default, 7
/fineract-provider/api/v1/accountnumberformats/7?tenantIdentifier=default, 8
/fineract-provider/api/v1/accountnumberformats/7?tenantIdentifier=default, 7
/fineract-provider/api/v1/accountnumberformats/9999?tenantIdentifier=default, 8
/fineract-provider/api/v1/accountnumberformats/7?tenantIdentifier=default, 8
/fineract-provider/api/v1/accountnumberformats/7?tenantIdentifier=default, 7
/fineract-provider/api/v1/codes?tenantIdentifier=default, 7
/fineract-provider/api/v1/codes/16/codevalues?tenantIdentifier=default, 7
/fineract-provider/api/v1/clients?tenantIdentifier=default, 13
/fineract-provider/api/v1/clients/52?tenantIdentifier=default, 8
/fineract-provider/api/v1/loans?tenantIdentifier=default, 26
/fineract-provider/api/v1/loans/28?associations=all&tenantIdentifier=default, 12
/fineract-provider/api/v1/accountnumberformats/8?tenantIdentifier=default, 7
/fineract-provider/api/v1/clients/52?tenantIdentifier=default, 7
/fineract-provider/api/v1/savingsaccounts?tenantIdentifier=default, 13
/fineract-provider/api/v1/savingsaccounts/30?associations=all&tenantIdentifier=default, 8
/fineract-provider/api/v1/accountnumberformats/9?tenantIdentifier=default, 7
/fineract-provider/api/v1/clients/52?tenantIdentifier=default, 7
/fineract-provider/api/v1/groups?tenantIdentifier=default, 11
/fineract-provider/api/v1/groups/35?tenantIdentifier=default, 6
/fineract-provider/api/v1/groups/35?command=activate&tenantIdentifier=default, 9
/fineract-provider/api/v1/groups/35?tenantIdentifier=default, 7
/fineract-provider/api/v1/groups/35?tenantIdentifier=default, 6
/fineract-provider/api/v1/accountnumberformats/10?tenantIdentifier=default, 6
/fineract-provider/api/v1/groups/35?tenantIdentifier=default, 6
/fineract-provider/api/v1/offices?tenantIdentifier=default, 10
/fineract-provider/api/v1/centers?tenantIdentifier=default, 10
/fineract-provider/api/v1/centers/36?associations=groupMembers&tenantIdentifier=default, 8
/fineract-provider/api/v1/accountnumberformats/11?tenantIdentifier=default, 7
/fineract-provider/api/v1/centers/36?tenantIdentifier=default, 7
/fineract-provider/api/v1/accountnumberformats?tenantIdentifier=default, 6
/fineract-provider/api/v1/accountnumberformats/7?tenantIdentifier=default, 9
/fineract-provider/api/v1/accountnumberformats/8?tenantIdentifier=default, 9
/fineract-provider/api/v1/accountnumberformats/9?tenantIdentifier=default, 11
/fineract-provider/api/v1/accountnumberformats/10?tenantIdentifier=default, 10
/fineract-provider/api/v1/accountnumberformats/11?tenantIdentifier=default, 10
/fineract-provider/api/v1/accountnumberformats/10?tenantIdentifier=default, 9
/fineract-provider/api-docs/apiLive.htm, 7
